,Vx_alpha,Vx_beta,Vx_gamma,Vy_alpha,Vy_beta,Vy_gamma,Vz_alpha,Vz_beta,Vz_gamma,stationarity,noise_type
0,-0.34197828,0.7989306,0.08786315,-0.80147076,-0.26949552,0.02184258,0.045346882,-0.071063936,0.740698,0,0
1,0.5633045,-0.24125828,0.009061176,0.3445795,0.5708725,0.06475246,-0.030004872,-0.041480854,0.511999,1,0
2,-0.4074958,0.80590296,0.08772065,-0.8145,-0.34972218,-0.001566195,0.0295268,-0.077912785,0.80727786,0,1
3,0.6556558,-0.22156416,0.017664583,0.29222077,0.68274504,0.04317178,-0.030769238,-0.02267339,0.59555364,1,1
4,-0.55627704,-0.067598104,0.034044612,0.074042074,-0.5670303,-0.047930118,0.042040844,-0.05642481,0.47598737,0,2
5,-0.38759193,-0.27969852,-0.017179497,0.2834261,-0.5786065,-0.041275386,0.002812805,-0.036173727,0.4853974,1,2
6,-0.28823924,0.80502737,0.096814305,-0.81727666,-0.19823636,0.0045419647,0.021548064,-0.0884616,0.7214904,0,0
7,0.6674605,-0.0646843,-0.033869527,-0.0041087,0.6580674,0.061596934,0.020781673,-0.05377486,0.52014035,1,0
8,-0.35958236,0.8269761,0.10090275,-0.8275019,-0.30219412,-0.0011716636,0.031218985,-0.094247416,0.80067384,0,1
9,0.73837894,0.014008583,-0.0022780788,-0.060830846,0.74818116,0.07322897,-0.010078014,-0.05747822,0.6131277,1,1
10,-0.5316706,-0.066151515,0.013166542,0.065229625,-0.56661177,-0.037921146,0.01809326,-0.034964807,0.4698952,0,2
11,-0.3817188,-0.28619906,-0.0026664322,0.28121924,-0.5621075,-0.06844409,0.025127375,-0.06373162,0.4783332,1,2
12,-0.36127725,0.78494656,0.09907196,-0.79064596,-0.28874868,0.013795991,0.044955514,-0.08597695,0.73154473,0,0
13,0.21076757,-0.4770026,-0.01861132,0.6090612,0.23967998,0.026765037,-0.013540133,-0.007587234,0.47287092,1,0
14,-0.42536747,0.800862,0.09630404,-0.798833,-0.36265856,-0.008609495,0.029225165,-0.088357896,0.8011873,0,1
15,0.33699313,-0.54254556,-0.023627711,0.64195573,0.3742444,0.06315226,-0.03637766,-0.044783782,0.5705985,1,1
16,-0.5977113,-0.2659279,0.020880586,0.2582317,-0.65176624,-0.08173632,0.054913998,-0.0624412,0.5980762,0,2
17,-0.4107765,-0.45266798,-0.02704266,0.45447072,-0.5933301,-0.045738176,0.00915519,-0.043878306,0.5911978,1,2
18,-0.47443277,0.7368015,0.10171037,-0.74374706,-0.41263416,-0.019633034,0.028776426,-0.09906949,0.75359696,0,0
19,0.5323981,0.48601106,0.04639383,-0.37184608,0.5748582,0.033025958,-0.026343763,-0.04162623,0.54516447,1,0
20,-0.50093853,0.76316226,0.09702822,-0.76262677,-0.4656948,0.0012600813,0.049646486,-0.08266858,0.82437724,0,1
21,0.5957037,0.5148049,0.06469689,-0.4460621,0.6194823,0.04142861,-0.027777059,-0.061558325,0.6456614,1,1
22,-0.4652626,0.02222149,0.04578381,-0.03586086,-0.4630082,-0.026750045,0.044985812,-0.03594717,0.38549098,0,2
23,-0.32690513,-0.19757597,-0.016710991,0.18860249,-0.53483266,-0.05948582,0.0042743096,-0.04048246,0.40496346,1,2
24,-0.49007756,0.72732884,0.08808556,-0.73504484,-0.44412813,-0.009616819,0.032676462,-0.078176014,0.76291156,0,0
25,-0.47084528,0.76504254,0.06952782,-0.6632955,-0.3916197,-0.044447154,-0.007754847,-0.06866968,0.7045292,1,0
26,-0.52522975,0.74911433,0.101414904,-0.7528733,-0.48037374,-0.03433124,0.023157293,-0.102895476,0.8262432,0,1
27,-0.44665036,0.805284,0.08839152,-0.7319033,-0.37972373,-0.026855921,0.013011582,-0.08759232,0.7700698,1,1
28,-0.6007229,-0.4016968,0.013846924,0.4147211,-0.66076845,-0.062240507,0.04746138,-0.04757634,0.6791271,0,2
29,-0.37513357,-0.61214066,-0.015055489,0.6123867,-0.52442664,-0.057038873,0.031174375,-0.03716519,0.6938435,1,2
30,-0.37509286,0.78123206,0.09163157,-0.7922397,-0.31057823,-0.015771495,0.01576123,-0.08463486,0.7445056,0,0
31,-0.35152903,0.71639335,0.056532357,-0.8059294,-0.25828326,0.0058265137,0.0166806,-0.049681775,0.68097925,1,0
32,-0.4392604,0.7909281,0.10008992,-0.79714656,-0.38128725,-0.018934587,0.023416055,-0.09619436,0.8065404,0,1
33,-0.37498802,0.77216905,0.07694626,-0.8340281,-0.30171248,-0.018618608,0.006528089,-0.07565189,0.76871395,1,1
34,-0.6060822,-0.24714226,0.016212823,0.23862362,-0.6659025,-0.043678515,0.02636324,-0.036985926,0.5921823,0,2
35,-0.40741396,-0.46519572,-0.025272017,0.4529646,-0.5802963,-0.05502679,0.009447629,-0.047046985,0.59988624,1,2
36,-0.13944158,0.8338196,0.096330315,-0.83387536,-0.035137508,0.031360995,0.033559233,-0.08295069,0.7066001,0,0
37,0.27178407,-0.588806,-0.055440772,0.509448,0.21730876,-0.015428655,0.032963518,-0.043308318,0.46740362,1,0
38,-0.2558975,0.85092616,0.09829302,-0.858617,-0.18750016,0.014037548,0.034903806,-0.08698297,0.78491,0,1
39,0.40815407,-0.59550893,-0.090232596,0.5217678,0.38999555,-0.00545637,0.05031389,-0.063307546,0.55280703,1,1
40,-0.0024513514,-0.028270492,-0.0076202843,0.046273872,-0.03106957,-0.02358217,-0.00047075798,-0.0016251956,0.12685661,0,2
41,0.077752374,-0.091086976,0.025232503,0.0819507,-0.08888167,-0.0118105095,0.027623648,0.0011551696,0.21543209,1,2
42,-0.49238402,0.7281891,0.07979338,-0.7370026,-0.4287901,-0.020277029,0.021126539,-0.077595234,0.75852525,0,0
43,0.49875417,-0.2535741,0.0066307234,0.41053572,0.57016104,0.05020522,-0.023807116,-0.024503963,0.5032194,1,0
44,-0.51617694,0.7530788,0.106533445,-0.75918585,-0.47925892,-0.022913534,0.03587658,-0.100099824,0.82833135,0,1
45,0.59381217,-0.30918014,0.0067264056,0.43489325,0.6470561,0.04577083,-0.020460347,-0.02386323,0.60445124,1,1
46,-0.58962196,-0.41568705,0.009799034,0.41557723,-0.66678125,-0.061818194,0.042485956,-0.05038418,0.67381084,0,2
47,-0.37665895,-0.5937902,-0.011454078,0.58923674,-0.5377915,-0.05023495,0.03348957,-0.041880146,0.67160195,1,2
48,-0.40917158,0.77205324,0.10126652,-0.7801336,-0.34610468,-0.0014856564,0.032735515,-0.090284094,0.7558355,0,0
49,0.18836902,0.7818974,0.08562102,-0.6723334,0.19230276,-0.0012382282,-0.031527136,-0.07500286,0.59152687,1,0
50,-0.45568588,0.78593194,0.091581166,-0.788592,-0.4076984,-0.0173532,0.024176596,-0.084713474,0.8134142,0,1
51,0.18278468,0.832648,0.08119664,-0.7629827,0.19276375,0.011441447,-0.013293524,-0.08516704,0.69679666,1,1
52,-0.59446657,-0.42314726,0.0072026374,0.42224437,-0.6512037,-0.048379313,0.034566928,-0.03285724,0.6834329,0,2
53,-0.3657728,-0.5889375,0.0021996119,0.5897825,-0.53935087,-0.069481425,0.058360707,-0.036393814,0.66382295,1,2
54,-0.39698836,0.77479404,0.09007668,-0.7775504,-0.32086468,-0.0063493378,0.026651178,-0.081496745,0.7381121,0,0
55,-0.0028620684,0.7173665,0.041623134,-0.8453705,-0.005809771,0.015709002,0.009740933,-0.039307598,0.6316396,1,0
56,-0.45495412,0.7882116,0.10761023,-0.78995025,-0.39837977,-0.015533015,0.03401064,-0.09942899,0.81315863,0,1
57,-0.028846456,0.79807913,0.046398927,-0.8843548,-0.014828027,0.02611007,0.01643667,-0.0402373,0.72697425,1,1
58,-0.60516953,-0.23407188,0.0031546599,0.23640081,-0.6703887,-0.03123317,0.009748957,-0.018302204,0.591216,0,2
59,-0.40624234,-0.45363754,0.008276856,0.4575018,-0.58612883,-0.06130986,0.049549762,-0.0427002,0.58841825,1,2
60,-0.44077793,0.7503627,0.08354258,-0.7637781,-0.38333923,-0.013937057,0.023216378,-0.07947067,0.75196934,0,0
61,-0.27866006,0.70246655,0.03860831,-0.8377591,-0.25187847,-0.0028244897,0.005909136,-0.042684484,0.67850184,1,0
62,-0.49240926,0.7649361,0.111581646,-0.7752586,-0.44179884,-0.029379116,0.02705623,-0.10880423,0.8197476,0,1
63,-0.2884253,0.77559537,0.058852024,-0.8673794,-0.2527215,-0.0019086858,0.011076424,-0.055459492,0.76037896,1,1
64,-0.53777355,-0.06989183,0.033960897,0.07183708,-0.58958966,-0.03115065,0.033923373,-0.04250098,0.48440713,0,2
65,-0.37257835,-0.2607199,0.012657712,0.27160895,-0.5801481,-0.035343744,0.02960993,-0.024311548,0.4777208,1,2
66,-0.31053346,0.80563223,0.084552206,-0.8021488,-0.2307251,0.018586397,0.03859634,-0.068876594,0.7254741,0,0
67,0.59785634,-0.2548523,-0.053158846,0.17103077,0.6043187,0.035477374,0.020476865,-0.03650324,0.5025012,1,0
68,-0.3859089,0.8124177,0.10834241,-0.82188874,-0.3258607,-0.0044332114,0.034066584,-0.09910059,0.8002593,0,1
69,0.69757277,-0.19652112,-0.037353296,0.12590495,0.70725554,0.060186636,0.013270291,-0.04993964,0.59080434,1,1
70,-0.5925873,-0.424313,0.0095947385,0.42682955,-0.6591269,-0.049704753,0.031465847,-0.042231042,0.6863837,0,2
71,-0.38105965,-0.5949369,-0.013822085,0.5927268,-0.53911686,-0.06113988,0.036580138,-0.051660053,0.6828135,1,2
72,-0.3097549,0.8053006,0.098625846,-0.8067185,-0.22039695,0.014384966,0.03495851,-0.08386682,0.72591937,0,0
73,0.22939521,-0.48158625,-0.0182446,0.6141364,0.23007195,0.038639277,-0.026281815,-0.04334733,0.48596114,1,0
74,-0.37937495,0.81639093,0.1086299,-0.82276225,-0.3218478,-0.012900597,0.025052933,-0.10154508,0.8008586,0,1
75,0.35717702,-0.53415215,-0.025220597,0.6233609,0.36408716,0.04374499,-0.030122671,-0.041990656,0.5538494,1,1
76,-0.5906069,-0.14966062,0.024040356,0.15640962,-0.6094232,-0.05933994,0.037036587,-0.05362891,0.5346832,0,2
77,-0.4170373,-0.3748752,0.015793093,0.3713739,-0.58450943,-0.044378147,0.043889094,-0.039427973,0.54029244,1,2
78,-0.32104486,0.8049541,0.0818935,-0.8023687,-0.2397436,0.028970907,0.045280185,-0.06793531,0.7300559,0,0
79,0.50471383,-0.3968127,-0.054401394,0.30681708,0.5239747,0.03390629,0.009845143,-0.03497098,0.49532297,1,0
80,-0.38445932,0.8113122,0.10500928,-0.8209231,-0.3274029,-0.011610995,0.028017618,-0.0982023,0.7989936,0,1
81,0.6278148,-0.3372557,-0.050154444,0.27994552,0.6454114,0.040415,0.02094834,-0.055726543,0.57575566,1,1
82,-0.5827892,-0.16444206,0.035758212,0.15649492,-0.6356231,-0.040641874,0.048233483,-0.037660815,0.5438436,0,2
83,-0.39042705,-0.38117757,0.01601299,0.3722969,-0.58463424,-0.029168386,0.03442199,-0.031563893,0.54014504,1,2
84,-0.38743365,0.77823645,0.0991464,-0.7848931,-0.3160142,-0.016106624,0.020759966,-0.0972844,0.74255913,0,0
85,0.28177515,-0.4244435,-0.0088089015,0.58427745,0.33293355,0.04745838,-0.028517408,-0.015706005,0.46835446,1,0
86,-0.4406385,0.7934844,0.08250507,-0.79753006,-0.3911509,0.0023883611,0.035223514,-0.07151751,0.81356144,0,1
87,0.41263747,-0.48924,-0.022526134,0.5960049,0.44200465,0.040028896,-0.01303543,-0.028727677,0.5671283,1,1
88,-0.574833,-0.49010482,0.00010904217,0.4947532,-0.6472882,-0.072724596,0.04020216,-0.056079578,0.7191276,0,2
89,-0.348866,-0.65546846,0.010368922,0.6527338,-0.50248826,-0.054527704,0.056208845,-0.028866107,0.7113817,1,2
90,-0.48967916,0.72570777,0.10399786,-0.7269628,-0.43693084,-0.010107906,0.038119655,-0.09287345,0.7509049,0,0
91,0.43631944,-0.48523536,-0.041275837,0.3041156,0.5115156,0.056874096,-0.008888546,-0.04942499,0.48576766,1,0
92,-0.51790535,0.74895006,0.10270418,-0.7593663,-0.47810066,-0.018672314,0.03862837,-0.095236965,0.82599163,0,1
93,0.52807987,-0.5023097,-0.062548265,0.38205788,0.5929166,0.05583594,0.01238588,-0.07420056,0.5967601,1,1
94,0.06563637,-0.028333422,0.014814164,0.04638864,-0.021648094,-0.0006870245,0.014261485,0.007890211,0.15880415,0,2
95,0.14657834,-0.0971272,-0.001629242,0.11122715,-0.056671493,0.0073631774,0.01438889,-0.020080602,0.2646215,1,2
96,-0.4290765,0.7603898,0.091227196,-0.7654213,-0.3703786,0.0073873745,0.04039,-0.07870751,0.75154716,0,0
97,0.14725998,0.8047649,0.07375316,-0.6912212,0.15192157,0.0096257,-0.013595488,-0.06906173,0.61337847,1,0
98,-0.47680402,0.7767073,0.09699482,-0.7782859,-0.42832944,-0.026587026,0.023881566,-0.09576775,0.81755584,0,1
99,0.15270977,0.8500269,0.08533393,-0.7685989,0.16398562,-0.00342614,-0.025543557,-0.079292044,0.7050045,1,1
100,-0.5897941,-0.42268187,0.021823153,0.41631886,-0.66427505,-0.044786837,0.049588893,-0.030114256,0.6859975,0,2
101,-0.38110584,-0.6065264,-0.010125192,0.6040231,-0.53343874,-0.05548669,0.027495561,-0.03088244,0.685039,1,2
102,-0.38557193,0.7802824,0.077290624,-0.7858996,-0.30863371,-0.011581059,0.013506355,-0.068334356,0.7401972,0,0
103,0.46055707,0.4974083,0.009513711,-0.5955214,0.47254357,0.045996327,0.017043134,-0.03348297,0.5625998,1,0
104,-0.43387413,0.7918858,0.09376185,-0.79560405,-0.37511796,0.0019951428,0.041181277,-0.08167687,0.8015435,0,1
105,0.46201247,0.607103,0.022733815,-0.6580345,0.47661477,0.055197984,0.013960906,-0.050813135,0.65441203,1,1
106,-0.28200015,0.11196101,0.020760061,-0.105336525,-0.2343856,-0.012772443,-0.0010534411,-0.011201571,0.24085805,0,2
107,-0.19560365,-0.078550875,0.03138063,0.07571407,-0.34044605,-0.018903317,0.037077624,-0.020308428,0.2922512,1,2
108,-0.44612575,0.75432694,0.096181706,-0.75884134,-0.38758218,-0.012523423,0.02585795,-0.091067106,0.75644165,0,0
109,-0.34154928,0.6892043,0.05722503,-0.8182466,-0.28056887,-0.013138911,-0.001878429,-0.058812786,0.67607886,1,0
110,-0.4813796,0.774117,0.10216044,-0.7768359,-0.441636,-0.029455552,0.02178749,-0.102301806,0.82294387,0,1
111,-0.3458663,0.76230913,0.056701038,-0.8497649,-0.29229763,0.016344469,0.0283141,-0.045250826,0.76156914,1,1
112,-0.3802645,0.10416211,0.018933218,-0.0954234,-0.36015978,-0.024670709,0.0037083905,-0.032725763,0.33725148,0,2
113,-0.27936316,-0.12956801,0.015948093,0.11691949,-0.44530907,-0.023606496,0.031194068,-0.04400299,0.35277092,1,2
114,-0.36257952,0.7938385,0.08206452,-0.79165506,-0.29189712,0.019222695,0.039308988,-0.066879086,0.7427342,0,0
115,0.20900041,-0.60651064,-0.071253665,0.47048396,0.2647715,0.019804567,0.009859881,-0.0597313,0.4674581,1,0
116,-0.41286987,0.8022646,0.09738607,-0.80917436,-0.36489558,-0.0007814951,0.035387598,-0.08656839,0.8082311,0,1
117,0.3219355,-0.64807045,-0.07497488,0.55981827,0.37125862,0.030536562,0.007840879,-0.06715158,0.58119386,1,1
118,-0.59961027,-0.3453126,0.024013609,0.33747944,-0.6670805,-0.05813882,0.05745453,-0.04330557,0.6409882,0,2
119,-0.39761984,-0.54059666,-0.0034971172,0.53252935,-0.571034,-0.05992649,0.042749133,-0.0373989,0.64239955,1,2
120,-0.42968002,0.7567397,0.10549415,-0.76413757,-0.36479563,-0.0042311875,0.03784484,-0.094033755,0.7437215,0,0
121,0.43725315,-0.3356736,0.014998661,0.4916459,0.4820868,0.061581697,-0.044553433,-0.020655759,0.49128726,1,0
122,-0.46874544,0.7828003,0.09828415,-0.78373605,-0.42470098,-0.0035465101,0.03957096,-0.086844765,0.8214511,0,1
123,0.5428766,-0.37375724,0.016023912,0.48482594,0.58599573,0.052154,-0.040016465,-0.023057824,0.58436686,1,1
124,-0.59798306,-0.4300107,0.00885796,0.43429318,-0.6688099,-0.04020115,0.038550925,-0.025962701,0.69809693,0,2
125,-0.37249324,-0.6009258,-0.030917633,0.58560795,-0.53879154,-0.05489981,0.019774964,-0.04699418,0.676003,1,2
126,-0.4821097,0.7299804,0.08258637,-0.7371445,-0.42328376,-0.014868739,0.024634313,-0.078110784,0.75251734,0,0
127,0.53502876,0.5004214,0.05731504,-0.39261118,0.55910367,0.058893923,-0.01186457,-0.068792954,0.5576963,1,0
128,-0.5101934,0.75059736,0.09972617,-0.7574856,-0.46835214,-0.0031375566,0.048841335,-0.086940736,0.81642705,0,1
129,0.5830758,0.5464544,0.040095232,-0.47191456,0.6049375,0.031653892,-0.014369193,-0.043861095,0.65809745,1,1
130,-0.60481733,-0.3423668,-0.010397623,0.3557695,-0.669037,-0.05094146,0.015033532,-0.04587651,0.6465946,0,2
131,-0.3914792,-0.5289108,0.002964598,0.5315464,-0.56707233,-0.056678012,0.03995736,-0.032552186,0.64049333,1,2
132,-0.50233257,0.7160899,0.095887385,-0.7242704,-0.45977518,-0.028157797,0.026047882,-0.09595696,0.7594364,0,0
133,0.2737438,0.7531441,0.073816165,-0.63749444,0.2775778,0.006335907,-0.025611311,-0.059560396,0.59836614,1,0
134,-0.5329368,0.74106854,0.094734274,-0.74522877,-0.49298173,-0.022766503,0.02980402,-0.090598166,0.8235732,0,1
135,0.31553942,0.78741217,0.089921825,-0.69974715,0.32261536,0.017546823,-0.023322923,-0.0877453,0.69012445,1,1
136,-0.578317,-0.49484387,1.0875345e-05,0.49283656,-0.639434,-0.052877605,0.031630192,-0.035915453,0.71377593,0,2
137,-0.34607843,-0.65749604,-0.014925252,0.6571453,-0.49496603,-0.05065462,0.035400584,-0.043737955,0.71718746,1,2
138,-0.14237298,0.83492327,0.094464235,-0.83861846,-0.050393786,0.032646634,0.036039993,-0.08419522,0.71394277,0,0
139,0.34546548,0.6262119,0.040093567,-0.7067894,0.36685833,0.055172212,0.023093075,-0.05462571,0.59897,1,0
140,-0.2524676,0.8572083,0.10506162,-0.85658413,-0.18624946,0.01617248,0.033459477,-0.09196511,0.7878744,0,1
141,0.2882121,0.7364721,0.036141876,-0.8011685,0.30074918,0.062174756,0.03382564,-0.04677919,0.700791,1,1
142,-0.27383596,0.11226841,0.023056475,-0.10023197,-0.23285969,-0.023022244,0.032365985,-0.011833323,0.26532513,0,2
143,-0.21439154,-0.077877544,0.0109821325,0.060552362,-0.3693103,-0.021787059,0.011318176,-0.017920922,0.30476663,1,2
144,-0.496131,0.72233963,0.10650848,-0.7271141,-0.4511084,-0.008003229,0.045368742,-0.09436995,0.75978595,0,0
145,0.056066245,0.6965829,0.038196124,-0.84488505,0.04750801,0.04044653,0.025735078,-0.04190394,0.6249053,1,0
146,-0.52436125,0.74906534,0.092611045,-0.7508566,-0.48954225,-0.00620786,0.043283205,-0.08070876,0.82847065,0,1
147,0.080649294,0.78245753,0.0693011,-0.8742446,0.06803401,0.035451632,0.01849713,-0.07159205,0.7129463,1,1
148,-0.5907709,-0.42010334,-0.006572058,0.41765535,-0.6662071,-0.052983377,0.022296323,-0.049620725,0.68577075,0,2
149,-0.37081575,-0.59407586,0.0042464486,0.59445304,-0.52886516,-0.055105925,0.052120954,-0.034727436,0.67344093,1,2
150,-0.47795826,0.7346192,0.09070642,-0.74225944,-0.42378238,-0.01428503,0.028078625,-0.08238874,0.7584745,0,0
151,-0.50554806,0.69383407,0.072160214,-0.7137715,-0.394419,-0.016513368,0.017131146,-0.06868877,0.7051196,1,0
152,-0.5085005,0.754518,0.0899946,-0.76118606,-0.46229932,-0.013392419,0.03226049,-0.0815652,0.81721145,0,1
153,-0.51114434,0.73701686,0.092003904,-0.75943446,-0.42079464,-0.022581061,0.023880532,-0.091449365,0.7835274,1,1
154,-0.37574494,0.092185415,0.0066712718,-0.095751114,-0.37776512,-0.036723875,0.0006400028,-0.0143722575,0.32388377,0,2
155,-0.26650137,-0.102792636,0.029701436,0.09344597,-0.45085675,-0.026826737,0.035568804,-0.013951259,0.32991764,1,2
156,-0.3909147,0.7794108,0.100240625,-0.7854673,-0.31833637,-0.008722385,0.026185606,-0.09240864,0.7459965,0,0
157,0.6365568,-0.0485185,-0.025942484,-0.04117774,0.68742335,0.053797614,0.02004735,-0.031594917,0.5244266,1,0
158,-0.43919638,0.7936274,0.101686895,-0.79382753,-0.3868732,-0.012172487,0.031869173,-0.093204774,0.80717844,0,1
159,0.7236626,0.021015558,-0.035771683,-0.08765525,0.7569647,0.07416608,0.028858842,-0.06301747,0.6145862,1,1
160,-0.52881396,-0.06102346,0.0074354825,0.062335268,-0.5738165,-0.038465895,0.016659178,-0.027121572,0.46898305,0,2
161,-0.3966611,-0.2781591,-0.032950114,0.29071298,-0.5807758,-0.030806834,-0.0043622237,-0.042198665,0.48145515,1,2
162,-0.26026997,0.8164973,0.07759978,-0.825671,-0.16757393,0.0035901438,0.018497013,-0.06824086,0.7245958,0,0
163,-0.1809096,0.7480067,0.064911634,-0.8493724,-0.08883237,0.014685907,0.015205173,-0.059241623,0.66741663,1,0
164,-0.34399933,0.8269068,0.09503834,-0.8329748,-0.27641666,-0.011657337,0.018290564,-0.08931456,0.7905202,0,1
165,-0.2086086,0.79960155,0.05524255,-0.88101923,-0.15435082,0.026199259,0.03043771,-0.048523907,0.74873513,1,1
166,-0.59435946,-0.2430937,-0.0002507372,0.23395753,-0.6459238,-0.048753146,0.021013642,-0.04415936,0.58000517,0,2
167,-0.40427944,-0.4497494,-0.010083542,0.4444332,-0.5804881,-0.051189795,0.025354218,-0.042523164,0.5912689,1,2
168,-0.39432478,0.7756795,0.08722655,-0.7842724,-0.33042535,0.0130526135,0.042512987,-0.07326257,0.74779725,0,0
169,0.48223892,-0.43592116,-0.049310528,0.28602967,0.50533944,0.055712733,0.004566274,-0.036544178,0.47841805,1,0
170,-0.4441966,0.7914578,0.09478552,-0.79488283,-0.39270145,-0.00547907,0.034014855,-0.08340715,0.8120446,0,1
171,0.6098102,-0.41748953,-0.05375375,0.31647944,0.63457423,0.05193974,0.0031779371,-0.042173564,0.60415,1,1
172,-0.26812592,0.0938324,0.024739731,-0.11223731,-0.2682222,-0.005470807,0.015491392,-0.025390642,0.24876863,0,2
173,-0.21324225,-0.076795146,0.0011534081,0.09291089,-0.36960804,-0.027075954,0.0018951386,-0.017341867,0.29576305,1,2
174,-0.27066502,0.814623,0.107928455,-0.815747,-0.18577318,0.012642841,0.03707647,-0.09678539,0.7227226,0,0
175,-0.229566,0.8390345,0.096258946,-0.74385965,-0.11537678,-0.012760042,0.0018798565,-0.0892565,0.6636635,1,0
176,-0.35767987,0.8231752,0.09010139,-0.8302993,-0.2965992,-0.0031158142,0.024587655,-0.08303652,0.7961658,0,1
177,-0.25778165,0.8646137,0.0778828,-0.8040636,-0.18790792,-0.0024631622,0.011679572,-0.07219741,0.755336,1,1
178,-0.38268587,0.09263549,0.030767716,-0.095385134,-0.38217813,-0.020929327,0.017097302,-0.032689393,0.32709107,0,2
179,-0.25657505,-0.12641948,-0.003829746,0.13087554,-0.45490733,-0.05055586,0.0187215,-0.056407757,0.33979452,1,2
180,-0.245765,0.8225824,0.096470594,-0.82562965,-0.16100612,0.0032523642,0.01913085,-0.08877524,0.72644114,0,0
181,0.3915215,-0.51821023,-0.061251108,0.42776018,0.38162014,0.007366543,0.019174196,-0.03953267,0.48921034,1,0
182,-0.34132966,0.8308034,0.101164564,-0.8351544,-0.2786743,0.0028284397,0.03580234,-0.09295615,0.7971127,0,1
183,0.5366175,-0.48922974,-0.07474508,0.43301955,0.53322756,0.02062824,0.038262904,-0.05364708,0.57678276,1,1
184,0.07489559,-0.050650474,-0.0033870328,0.0404552,-0.01749668,0.0064164153,-0.0061342698,-0.009413887,0.16233398,0,2
185,0.17459422,-0.09622483,-0.026035009,0.10787225,-0.054351483,-0.022169873,-0.009140014,-0.019783698,0.27000913,1,2
186,-0.2473732,0.81713045,0.09999219,-0.82460135,-0.14932954,0.010895286,0.025976298,-0.09205138,0.71737736,0,0
187,0.5669945,-0.27099586,0.0011363154,0.3422527,0.54846376,0.038903214,-0.011709124,-0.020236995,0.5097832,1,0
188,-0.3327467,0.8328637,0.10520321,-0.8351737,-0.2658371,0.01130057,0.04060456,-0.09313305,0.7911698,0,1
189,0.66657597,-0.22933362,0.0070435107,0.28076637,0.67158985,0.050675604,-0.020538354,-0.032509822,0.5849743,1,1
190,-0.6149959,-0.3298356,-0.0014115754,0.3264845,-0.6751771,-0.062348668,0.023331834,-0.052803762,0.6459721,0,2
191,-0.39642805,-0.5205348,-0.0073272595,0.52430433,-0.5732198,-0.058807597,0.03758201,-0.041463766,0.6363211,1,2
192,-0.24557604,0.82780516,0.09689873,-0.8260021,-0.15564154,0.00048419667,0.015205071,-0.08656849,0.7310778,0,0
193,0.65444654,-0.03818716,-0.008354732,-0.016259694,0.6648527,0.056241747,0.001232389,-0.033970296,0.5174212,1,0
194,-0.33316895,0.8340674,0.08978858,-0.8350762,-0.27147365,0.001825856,0.030746462,-0.08062355,0.7947426,0,1
195,0.7298876,0.08490576,-0.0003786576,-0.122884005,0.7396677,0.0638898,-0.0019026655,-0.047324974,0.6117631,1,1
196,-0.27378485,0.10265041,0.004559131,-0.10688819,-0.23303728,-0.035970278,0.006496958,-0.016603578,0.24475184,0,2
197,-0.17105958,-0.07280758,-0.0037844435,0.06790253,-0.34542963,-0.046123803,-0.007878087,-0.034902554,0.29623383,1,2
198,-0.5102614,0.71279764,0.10579808,-0.7240098,-0.46224302,-0.01303611,0.038063284,-0.09314624,0.7637149,0,0
199,-0.5240719,0.7229818,0.070783034,-0.6576724,-0.4256358,-0.012542354,0.02206844,-0.059848797,0.71062195,1,0
200,-0.5306249,0.7411846,0.10428231,-0.75116295,-0.49613875,-0.0030131622,0.050550606,-0.08818755,0.8291923,0,1
201,-0.51450783,0.76245695,0.08976421,-0.72624916,-0.43254152,-0.0264009,0.02282137,-0.091363594,0.78561354,1,1
202,-0.5394491,-0.064560056,0.019238915,0.051215272,-0.57671696,-0.016513702,0.021414509,-0.02901566,0.4704009,0,2
203,-0.39522934,-0.27723685,0.0033489568,0.28246102,-0.57557297,-0.05709414,0.04312067,-0.049002595,0.48155975,1,2
204,-0.21019985,0.8305807,0.10199428,-0.8249513,-0.116061084,0.035935793,0.04517335,-0.091227025,0.71662015,0,0
205,0.6480231,0.2518035,0.02583452,-0.19877471,0.6573026,0.023745434,-0.022029266,-0.019063458,0.5406594,1,0
206,-0.30790597,0.8410236,0.10777524,-0.8446756,-0.23574482,-0.0013258884,0.023182858,-0.101398624,0.79044485,0,1
207,0.667732,0.37300602,0.04724187,-0.3383996,0.68385184,0.0364121,-0.03280796,-0.045779433,0.6266005,1,1
208,-0.064937964,0.04341424,-0.015238511,-0.018783266,-0.06281824,0.0006856256,0.012771566,-0.018633125,0.15146148,0,2
209,-0.0048907357,-0.049410157,0.013891436,0.036466427,-0.16050151,-0.0071038404,0.010813988,-0.021363381,0.21626417,1,2
210,-0.221965,0.8278981,0.08846114,-0.82698053,-0.122701846,0.020332776,0.031018255,-0.08043093,0.7195398,0,0
211,-0.24406281,0.8133855,0.072577246,-0.7815951,-0.09949333,0.009352912,0.012075556,-0.066012815,0.67116934,1,0
212,-0.31472188,0.8401405,0.07989307,-0.84236175,-0.24483085,0.011060859,0.031144798,-0.06858997,0.7928062,0,1
213,-0.28122687,0.84574884,0.08554946,-0.82690567,-0.19024582,-0.0124787055,0.0051673735,-0.0814206,0.7621611,1,1
214,-0.37371448,0.08441176,0.03313453,-0.0762151,-0.37277552,-0.020585405,0.021175409,-0.019473774,0.3119358,0,2
215,-0.28642148,-0.12033892,0.009471497,0.09813175,-0.4617165,-0.03779075,0.017645298,-0.03620082,0.3398487,1,2
216,-0.4464241,0.7498508,0.079208925,-0.7584171,-0.3920515,0.003450287,0.034062274,-0.065098435,0.75396526,0,0
217,-0.42755866,0.6839662,0.079038285,-0.77792007,-0.33027905,-0.0053298376,0.023780523,-0.072503336,0.6844292,1,0
218,-0.48332712,0.77040243,0.089956015,-0.77610797,-0.44120103,-0.002964848,0.03902401,-0.07881767,0.8204385,0,1
219,-0.4228639,0.75137454,0.071034595,-0.8139943,-0.35730824,0.0031267959,0.028435595,-0.06356568,0.77338123,1,1
220,-0.48660848,0.020895658,0.03324762,-0.03832764,-0.48234108,-0.034250025,0.021771403,-0.04401825,0.4103338,0,2
221,-0.34387,-0.19609259,-0.0018399134,0.19466273,-0.5383955,-0.027657216,0.008606721,-0.032713898,0.4076192,1,2
222,-0.42241794,0.7659871,0.10459468,-0.7697757,-0.3541451,-0.024049006,0.018010842,-0.102819584,0.74851006,0,0
223,-0.00093115476,0.838867,0.087465726,-0.71430707,0.014271184,-0.004200233,-0.0119741,-0.084247276,0.6272704,1,0
224,-0.4725398,0.77572614,0.08100032,-0.7847511,-0.42360836,-0.0015992845,0.03497454,-0.06964594,0.8180101,0,1
225,0.0052593406,0.8785717,0.07981977,-0.7922979,0.005395817,0.0024206645,-0.0032172536,-0.07969486,0.7171773,1,1
226,-0.6101352,-0.26524448,0.014671977,0.25132355,-0.65930706,-0.03236473,0.024174362,-0.037198845,0.60069156,0,2
227,-0.409633,-0.4448727,-0.011415094,0.44679624,-0.5877647,-0.06614362,0.035725158,-0.07023708,0.59332716,1,2
228,-0.46879148,0.74124,0.0978691,-0.7498342,-0.4211969,-0.0062762387,0.03931428,-0.087137334,0.764881,0,0
229,0.45566228,0.6024511,0.08869579,-0.5142639,0.46219677,0.04230561,-0.030947553,-0.08907077,0.5730692,1,0
230,-0.50200856,0.7623948,0.074718736,-0.7641159,-0.4648425,-0.0074732862,0.028810749,-0.06394756,0.8253523,0,1
231,0.501401,0.64658314,0.07576889,-0.5703339,0.5205312,0.034087237,-0.02309781,-0.072582155,0.66806006,1,1
232,-0.2657428,0.10905765,0.019227786,-0.112166144,-0.2348934,-0.006501654,0.018498966,-0.006854649,0.26223502,0,2
233,-0.18235892,-0.057199314,0.01626815,0.049081985,-0.35888124,-0.03415957,0.028871814,-0.037696753,0.28978136,1,2
234,-0.5116067,0.7124491,0.09879789,-0.7224661,-0.47361198,-0.021174759,0.031568255,-0.09604116,0.7684036,0,0
235,0.32392055,0.72203153,0.07161993,-0.60871,0.32134712,0.017805338,-0.019226056,-0.06477219,0.58917016,1,0
236,-0.5330054,0.74358374,0.08615093,-0.7480415,-0.4972338,-0.017733807,0.030202476,-0.079521,0.83173007,0,1
237,0.36101988,0.75673586,0.07723405,-0.6738714,0.3757858,0.025957894,-0.013618039,-0.07585592,0.68294436,1,1
238,-0.0036638312,-0.028484883,-0.0023149548,0.020517562,-0.02422897,-0.019891089,-0.01876148,-0.016866865,0.15276934,0,2
239,0.052969083,-0.09609743,-0.022661228,0.063367546,-0.07683853,-0.009470562,0.006132209,-0.022408403,0.22072698,1,2
240,-0.2416621,0.82003856,0.09149889,-0.83348215,-0.1557978,0.00977419,0.024487447,-0.08480233,0.72923774,0,0
241,0.58601433,0.42044526,0.059882205,-0.37326008,0.58935845,0.036674805,-0.038464166,-0.056794405,0.5509726,1,0
242,-0.36389828,0.7881507,0.09013068,-0.79157704,-0.27512175,8.994675e-05,0.026262073,-0.07681164,0.7304643,0,1
243,0.5148714,0.5036209,0.052482087,-0.46034822,0.51432437,0.032877207,-0.023407605,-0.05477667,0.5374561,1,1
244,-0.6009917,-0.23625395,0.025949176,0.21603712,-0.65411663,-0.052698363,0.04428911,-0.046009876,0.58311963,0,2
245,-0.39762843,-0.4513641,-0.0046421625,0.44448873,-0.57699955,-0.052450404,0.025579061,-0.0397485,0.58776724,1,2
246,-0.43021187,0.75995594,0.09843561,-0.77067006,-0.36321852,-0.019113144,0.023392025,-0.09384751,0.7513245,0,0
247,-0.36759853,0.6961106,0.07585567,-0.8104676,-0.29546314,0.0021951967,0.021377252,-0.066839494,0.6889109,1,0
248,-0.47068653,0.7764881,0.10383375,-0.78144574,-0.4219424,-0.019134924,0.030333169,-0.09929461,0.8131729,0,1
249,-0.37128574,0.7554553,0.082833216,-0.83898866,-0.30991578,0.0029406506,0.025904018,-0.07537892,0.7605467,1,1
250,-0.1877424,0.10611689,-0.0053034737,-0.09932286,-0.12957677,0.002504159,0.009631178,-0.024385188,0.18771005,0,2
251,-0.097060926,-0.03723006,0.0034651458,0.047735263,-0.23743302,-0.01646867,0.008000513,-0.025682686,0.23344517,1,2
252,-0.48396564,0.7322096,0.099808946,-0.73448986,-0.4323357,-0.022187477,0.027835026,-0.096227646,0.7577323,0,0
253,0.52811784,0.50373346,0.057441562,-0.3812025,0.565959,0.03286844,-0.032666095,-0.053911433,0.5426309,1,0
254,-0.515247,0.7504384,0.114921786,-0.7586694,-0.4745312,-0.014706208,0.043437764,-0.10453492,0.82345366,0,1
255,0.5882634,0.5293695,0.058833513,-0.45574892,0.62052256,0.06524521,-0.011693267,-0.077314675,0.65550333,1,1
256,-0.060699053,0.013692777,0.027763467,-0.0251087,-0.059369538,-0.034699954,0.014021251,-0.009780282,0.15918112,0,2
257,0.017850213,-0.04314742,-0.013761866,0.046453327,-0.14867394,-0.027463904,-0.0020703364,-0.001243258,0.21454008,1,2
258,-0.107723415,0.8364681,0.08803993,-0.83693963,-0.0072943713,0.016800724,0.018220197,-0.080621235,0.70746154,0,0
259,0.5176028,-0.36061415,-0.014805316,0.40559316,0.47554973,0.03901469,-0.010865239,-0.035450444,0.49960756,1,0
260,-0.23031199,0.8608441,0.101878695,-0.8655054,-0.15769105,0.0062510474,0.024332985,-0.09281981,0.78800005,0,1
261,0.64005274,-0.2903472,-0.007359327,0.32597333,0.63278306,0.05864135,-0.024518099,-0.05120586,0.57123244,1,1
262,-0.6071851,-0.3334354,0.012905862,0.33593532,-0.6717692,-0.05155254,0.03252594,-0.024556488,0.65005225,0,2
263,-0.39736977,-0.52881724,-0.013452267,0.5248393,-0.56691414,-0.06322043,0.03439352,-0.049149323,0.6394354,1,2
264,-0.4957764,0.72862893,0.10813126,-0.725767,-0.4510852,-0.022654044,0.032110017,-0.102780595,0.7637162,0,0
265,0.58068323,0.28322384,-0.015988382,-0.40397677,0.6286072,0.04616466,0.025136674,-0.024216777,0.54441375,1,0
266,-0.52313983,0.7429072,0.097841054,-0.7480373,-0.48754427,-0.02473224,0.031086586,-0.09640187,0.81975406,0,1
267,0.64146185,0.35404047,-0.01099164,-0.43563554,0.668165,0.061726946,0.031427305,-0.040248916,0.63847536,1,1
268,-0.14425157,0.11390555,0.00075345614,-0.09296816,-0.12614897,-2.1919728e-05,0.007993811,-0.011577677,0.18583477,0,2
269,-0.11785974,-0.040589456,0.010163765,0.038382065,-0.2576762,-0.017375158,0.017751534,-0.03804455,0.23534629,1,2
270,-0.48445383,0.73346525,0.106305264,-0.7319819,-0.42775124,-0.019757163,0.032917205,-0.09901307,0.7542022,0,0
271,-0.4642322,0.7607113,0.08320652,-0.66974795,-0.36782148,-0.033469047,0.006577848,-0.08291196,0.69217205,1,0
272,-0.5128992,0.7494971,0.10179104,-0.761755,-0.47009897,-0.017308319,0.037479732,-0.09401596,0.8209613,0,1
273,-0.44628012,0.800975,0.080098875,-0.73949456,-0.3853073,-0.01865759,0.017290577,-0.0745956,0.776436,1,1
274,-0.24924532,0.107582435,0.024444157,-0.12312063,-0.22412623,-0.023675717,0.009897601,-0.026449194,0.2580623,0,2
275,-0.20175129,-0.063561514,0.012797267,0.045543894,-0.34372884,-0.009998658,0.012146115,-0.06361832,0.27665195,1,2
276,-0.26631063,0.81390995,0.10222395,-0.82335305,-0.17738348,-0.012595381,0.0077593587,-0.099063724,0.72394973,0,0
277,0.65021473,0.101012394,-0.028443703,-0.15491706,0.67658216,0.06267968,0.025427576,-0.03685504,0.52653724,1,0
278,-0.3496587,0.8290228,0.09297374,-0.83083457,-0.2819455,-0.004135754,0.025369931,-0.08671622,0.79349685,0,1
279,0.7083659,0.19937623,-0.05345406,-0.24764353,0.7272505,0.05763759,0.055829484,-0.03880607,0.616971,1,1
280,-0.3699033,0.08109945,0.019193478,-0.08328249,-0.3852239,0.0019394828,0.02112344,-0.03669839,0.32797396,0,2
281,-0.28651428,-0.12810327,-0.0056374962,0.12994921,-0.46836895,-0.031757228,0.007748566,-0.008888773,0.35685995,1,2
282,-0.36868495,0.784001,0.10018993,-0.7943973,-0.2887066,0.012283299,0.04374397,-0.086830966,0.7379802,0,0
283,0.60834926,0.22694996,-0.009849471,-0.31152174,0.6557588,0.054281514,0.024445346,-0.029472383,0.52957433,1,0
284,-0.42467195,0.7995968,0.093133196,-0.80342215,-0.3685991,-0.013570923,0.026483051,-0.085606866,0.80644464,0,1
285,0.6650284,0.31717238,-0.0045137657,-0.381525,0.68641686,0.053052317,0.02291546,-0.050075155,0.624431,1,1
286,-0.1792905,0.083711624,0.011967007,-0.07785174,-0.13287066,-0.009863514,0.010791255,-0.016005179,0.16887726,0,2
287,-0.099535465,-0.061252434,0.008722989,0.04920412,-0.26710978,-0.010082699,0.011272734,-0.010530543,0.25668362,1,2
288,-0.47597817,0.7359887,0.10154325,-0.74155414,-0.4324425,-0.01774516,0.030867578,-0.09317569,0.76275414,0,0
289,0.10718271,0.81973314,0.08289855,-0.7035824,0.11126923,-0.008417397,-0.026368095,-0.06898096,0.62644655,1,0
290,-0.510753,0.7513296,0.09866137,-0.7616509,-0.47404572,-0.02666279,0.026673242,-0.095293984,0.8233966,0,1
291,0.13316298,0.85735345,0.08202712,-0.7736541,0.14113165,0.018392855,0.0010408156,-0.08134244,0.71181166,1,1
292,-0.5724963,-0.50490266,-0.008228579,0.49941915,-0.63543385,-0.060625065,0.02207518,-0.054189935,0.7197503,0,2
293,-0.35879007,-0.6565148,-0.016358694,0.65616053,-0.49682504,-0.041833777,0.034192484,-0.045669656,0.7208605,1,2
294,-0.25752178,0.8222444,0.08647198,-0.8225446,-0.17779782,0.018286217,0.0317148,-0.07465506,0.7307674,0,0
295,-0.09240395,0.73054457,0.06388592,-0.8587637,-0.027723838,0.027411943,0.022261728,-0.05081979,0.64812857,1,0
296,-0.34407893,0.83657956,0.07739907,-0.83265793,-0.27958116,0.0013139782,0.025656262,-0.070060425,0.80007595,0,1
297,-0.13103239,0.80679935,0.03631564,-0.8881196,-0.09056692,0.026055193,0.021001868,-0.029163795,0.7424333,1,1
298,-0.064925864,0.04760278,0.0033800919,-0.047701366,-0.0597477,-0.014031047,0.0047330516,-0.027023057,0.14058031,0,2
299,0.0077311797,-0.07452825,4.6517853e-05,0.06502365,-0.17121635,0.0032040416,0.014459069,0.0023780281,0.23480543,1,2
300,-0.2909577,0.8122138,0.10616946,-0.82093513,-0.21084177,0.0058994032,0.028132657,-0.09562402,0.73665863,0,0
301,0.26442122,0.6545127,0.025824113,-0.7523007,0.2726725,0.0511426,0.032650124,-0.038702454,0.59234136,1,0
302,-0.3660148,0.82096356,0.1003507,-0.83232915,-0.30860472,0.0047173304,0.03634093,-0.08789833,0.8045316,0,1
303,0.23249057,0.74471426,0.0639523,-0.81697834,0.24490166,0.04520777,0.010666949,-0.06833434,0.68726194,1,1
304,0.07189458,-0.046110567,0.006987032,0.027526895,-0.017775124,-0.018894967,0.028707514,-0.006446234,0.17947835,0,2
305,0.14647278,-0.096855685,0.013906808,0.10175095,-0.08160418,0.002260047,0.01982674,-0.014758088,0.27552888,1,2
306,-0.18743676,0.8340623,0.09282942,-0.8305434,-0.09564437,0.02391645,0.031798817,-0.0851075,0.71782655,0,0
307,0.5461514,-0.29970613,0.025860917,0.36113632,0.5274169,0.035555832,-0.03996525,-0.003492606,0.49706438,1,0
308,-0.2916587,0.8444082,0.0941521,-0.8526281,-0.22230183,0.0015765134,0.024133055,-0.087219,0.79223037,0,1
309,0.66016906,-0.22366944,0.0077164043,0.27909994,0.6622497,0.04328022,-0.02455204,-0.023669366,0.56669676,1,1
310,-0.36219507,0.074124746,0.026337234,-0.09634394,-0.35654,-0.018226735,0.02736278,-0.057490528,0.32048202,0,2
311,-0.29547817,-0.1253428,0.0011834904,0.104925886,-0.46158215,-0.011086296,0.0036686799,-0.045271065,0.3598589,1,2
312,-0.36172518,0.78770316,0.086115055,-0.79355603,-0.28772387,0.010749469,0.03670302,-0.07926644,0.7395006,0,0
313,0.01759904,0.7165978,0.03896834,-0.8417336,0.031426102,0.037033275,0.026106745,-0.03548954,0.627137,1,0
314,-0.41888443,0.79871076,0.105568685,-0.80581254,-0.3615116,-0.010869025,0.03219506,-0.09769225,0.8021072,0,1
315,-0.0062721106,0.79026145,0.06803995,-0.88118875,0.006116039,0.03399784,0.027596321,-0.06820576,0.7160063,1,1
316,-0.59865737,-0.33435166,0.009960659,0.32745072,-0.6657096,-0.042009484,0.031230858,-0.025026055,0.63633966,0,2
317,-0.39172155,-0.5530207,0.0024904867,0.5449252,-0.5538505,-0.03161285,0.035460442,-0.035468094,0.6500641,1,2
318,-0.5013006,0.7240347,0.07554955,-0.7235078,-0.44610897,-0.004305437,0.029589452,-0.06175073,0.75742257,0,0
319,-0.45556265,0.7727308,0.06604715,-0.6595866,-0.37286842,-0.034713496,-0.002773015,-0.065754004,0.6925166,1,0
320,-0.5299356,0.74290913,0.09420571,-0.74892116,-0.48685732,-0.020438438,0.03201157,-0.08706731,0.8244256,0,1
321,-0.4470702,0.80825895,0.09197072,-0.73337835,-0.38658896,-0.03484952,0.0094218515,-0.09628834,0.7755485,1,1
322,-0.5257169,-0.05741981,0.024835192,0.059906527,-0.565082,-0.048430245,0.03068118,-0.048822317,0.47207087,0,2
323,-0.38927594,-0.28990272,-0.009322677,0.28263947,-0.57386076,-0.057145502,0.016503243,-0.02616927,0.4857573,1,2
324,-0.18961683,0.8273776,0.0910409,-0.8337902,-0.0881107,0.025119329,0.03320591,-0.08165001,0.7127941,0,0
325,0.59224886,-0.2684937,-0.058710862,0.19330542,0.59659404,0.026471155,0.034038004,-0.040589515,0.49335203,1,0
326,-0.28972408,0.84719986,0.10704905,-0.84763145,-0.21898529,0.0006313,0.024240537,-0.098161906,0.78907835,0,1
327,0.7048377,-0.16396835,-0.041527182,0.12251117,0.7107992,0.042844884,0.029133497,-0.046203487,0.5805037,1,1
328,-0.0140172895,-0.015773509,0.019209241,0.011128742,-0.043076366,-0.018999819,0.014586013,-0.01732694,0.13087162,0,2
329,0.06535967,-0.062000588,0.012243302,0.08309318,-0.12905698,-0.029581204,0.019476708,0.0031483022,0.22909693,1,2
330,-0.4229659,0.7655322,0.0919715,-0.77264863,-0.36610004,0.0060463087,0.037989195,-0.07976186,0.7558443,0,0
331,0.63649976,0.051559083,0.007900147,0.0414196,0.67329866,0.046489466,-0.016843235,-0.037593286,0.52566785,1,0
332,-0.46630633,0.7811471,0.1093371,-0.7866714,-0.4184924,-0.007582486,0.042182412,-0.09785873,0.8187467,0,1
333,0.725789,0.0880726,0.0055894894,-0.00024321176,0.7532471,0.07703461,-0.005630392,-0.06775166,0.61419445,1,1
334,0.01143401,-0.028148506,0.014983699,0.010285101,-0.028776426,0.018392779,0.0049426667,0.0036827142,0.1378151,0,2
335,0.07624176,-0.076285996,-0.015982816,0.07241054,-0.096323565,-0.014514593,-0.0053805993,-0.029414885,0.2377632,1,2
336,-0.43792146,0.7584666,0.083995745,-0.7606174,-0.36868212,-0.0046430063,0.03186845,-0.07248719,0.74852216,0,0
337,0.5724644,-0.14949284,0.005213238,0.29292908,0.6146233,0.048125736,-0.026523331,-0.03582447,0.49336585,1,0
338,-0.4773654,0.7665031,0.098427966,-0.77167434,-0.4241094,-0.0032821724,0.04243513,-0.08275594,0.80321735,0,1
339,0.6499218,-0.14368741,0.013106795,0.23669013,0.68070084,0.052715603,-0.03008564,-0.03370776,0.55148196,1,1
340,0.009229887,-0.030062186,-0.0027383524,0.004956048,-0.057478562,0.0017503813,0.014872367,-0.00028298094,0.12870212,0,2
341,0.067877226,-0.08893571,0.01091783,0.09616764,-0.09948774,-0.02488514,0.0004570227,-0.016554028,0.22494805,1,2
342,-0.4782997,0.7348869,0.091626965,-0.73935133,-0.42421412,-0.017919311,0.027459163,-0.085787684,0.7576076,0,0
343,0.63148266,0.12396505,-0.02915898,-0.24551772,0.67440253,0.054030582,0.028285665,-0.030154904,0.5355799,1,0
344,-0.49958315,0.7556203,0.10635549,-0.7646632,-0.46361837,-0.027954679,0.028870335,-0.104872,0.8188173,0,1
345,0.7092598,0.16574949,-0.017380705,-0.24505958,0.745188,0.0637671,0.02542672,-0.047771424,0.6305685,1,1
346,-0.59001696,-0.1527454,0.02523745,0.15469687,-0.6336798,-0.07493843,0.0393843,-0.055379476,0.5385498,0,2
347,-0.398619,-0.37527752,-0.018471397,0.38309482,-0.5824628,-0.032467198,0.0016249839,-0.02003464,0.54242986,1,2
348,-0.2701775,0.8168109,0.08202164,-0.8260987,-0.1760847,0.01206855,0.024371251,-0.07309336,0.7300361,0,0
349,0.6295728,0.31455618,0.045652207,-0.2470536,0.6428957,0.0516408,-0.029085774,-0.05186728,0.54563993,1,0
350,-0.34775484,0.8276672,0.10458857,-0.8321257,-0.2852913,0.0038469317,0.03602311,-0.09603342,0.794897,0,1
351,0.6386022,0.41470563,0.06653854,-0.3855982,0.6709479,0.036166117,-0.045996528,-0.054820664,0.6284233,1,1
352,-0.3755823,0.08781301,0.025984602,-0.088452496,-0.3642897,-0.05409967,0.0032912095,-0.047059312,0.30765855,0,2
353,-0.27573356,-0.12147527,0.0020900727,0.10016193,-0.44309357,-0.043033503,0.020460906,-0.03667443,0.34744564,1,2
354,-0.45061824,0.7486897,0.086694196,-0.75614977,-0.39010552,-0.007252131,0.031508524,-0.07997677,0.7520148,0,0
355,-0.12855747,0.8524153,0.08425431,-0.7194564,-0.11415915,-0.01083898,-0.003330591,-0.07317838,0.6502004,1,0
356,-0.49538377,0.7636544,0.11011392,-0.7707371,-0.44859445,-0.025319973,0.030830598,-0.10648,0.81971115,0,1
357,-0.11700721,0.88440907,0.08380677,-0.79079443,-0.11610601,-0.023312474,-0.014038487,-0.08185242,0.7324659,1,1
358,-0.59944266,-0.34891826,0.01925018,0.34540555,-0.657826,-0.06353221,0.038337816,-0.054211613,0.6407209,0,2
359,-0.39394575,-0.533324,-0.0041561024,0.5212749,-0.56437016,-0.05810936,0.03514474,-0.025280008,0.63878214,1,2
360,-0.468154,0.7384104,0.10312784,-0.7451917,-0.4127708,-0.010365914,0.038270034,-0.09649927,0.7538821,0,0
361,0.4446974,-0.3158997,-0.009925301,0.48075205,0.5039567,0.057076454,-0.022885866,-0.041465677,0.49352416,1,0
362,-0.49974588,0.75972426,0.096960045,-0.764012,-0.45509285,-0.018352976,0.029084858,-0.09082059,0.8169439,0,1
363,0.56008095,-0.36165994,-0.029653493,0.4765117,0.61078066,0.06273952,-0.010081988,-0.058803596,0.6019655,1,1
364,-0.28200012,0.10347785,0.010250253,-0.114514545,-0.27519375,-0.009390429,0.0152776055,-0.009837189,0.24091445,0,2
365,-0.21431519,-0.082373776,-0.017634382,0.07624891,-0.38143247,-0.040184423,-0.004009323,-0.04094882,0.3027689,1,2
366,-0.10625081,0.83788544,0.075057834,-0.83274615,-0.002887691,0.024118638,0.02199227,-0.06584305,0.7043665,0,0
367,0.05157464,0.7439229,0.040924065,-0.8430229,0.12520581,0.025049541,0.009884726,-0.037321385,0.6518333,1,0
368,-0.23004965,0.859287,0.098929234,-0.8636177,-0.15515836,0.008780983,0.026858624,-0.089401,0.78430754,0,1
369,-0.020730032,0.8075402,0.047836922,-0.88332456,0.03137151,0.031343132,0.02576825,-0.04155812,0.7262663,1,1
370,0.002078601,-0.02993612,-0.013294839,0.013732699,-0.043587547,0.0039984398,0.009721302,-0.014079996,0.1392354,0,2
371,0.08993266,-0.06425223,0.009044381,0.072903186,-0.09747857,-0.009922916,0.01649917,0.005299304,0.22088456,1,2
372,-0.3259703,0.8012328,0.09193467,-0.80670875,-0.24060853,-0.0076222694,0.017577594,-0.085833944,0.73335737,0,0
373,0.59034467,0.40073654,0.042712305,-0.33408654,0.6050767,0.032150228,-0.025736563,-0.038589213,0.5477841,1,0
374,-0.40285933,0.8111122,0.10211896,-0.8097508,-0.3432419,-0.007862099,0.02906961,-0.095473774,0.8023595,0,1
375,0.61257476,0.48284268,0.053411633,-0.44145018,0.63370645,0.034529757,-0.03542616,-0.047694154,0.6451546,1,1
376,-0.3823361,0.083870426,0.033111297,-0.09002506,-0.37971932,-0.01258412,0.012418233,-0.035742264,0.32515228,0,2
377,-0.2598836,-0.117599405,0.022964053,0.111155935,-0.4562688,-0.03156501,0.036202885,-0.04304194,0.343482,1,2
378,-0.22274113,0.8280948,0.09274964,-0.8279565,-0.13203204,0.012880617,0.022677088,-0.085247606,0.7225429,0,0
379,-0.082938686,0.7368814,0.04716701,-0.8539227,-0.0067719445,0.012150538,0.0044465153,-0.044516876,0.6459236,1,0
380,-0.31543356,0.8377182,0.086563595,-0.839939,-0.24607344,0.005759821,0.027204141,-0.07779328,0.78905743,0,1
381,-0.13115808,0.8058639,0.0732563,-0.8885367,-0.07779999,0.018943151,0.021711422,-0.067481875,0.73863643,1,1
382,-0.6029084,-0.3254394,0.00015537978,0.3303691,-0.6658157,-0.04338787,0.019197889,-0.031147571,0.6394428,0,2
383,-0.39824885,-0.52143025,-0.02657176,0.5307986,-0.5651408,-0.06197742,0.02517913,-0.050304536,0.6406302,1,2
384,-0.49425638,0.7267157,0.104205385,-0.72676027,-0.43537313,-0.029565446,0.024288392,-0.104499854,0.7542541,0,0
385,0.41828918,0.521395,0.019512663,-0.64306253,0.44996062,0.031229304,0.005505964,-0.03051476,0.57822,1,0
386,-0.5193933,0.7444433,0.105023585,-0.754698,-0.48189238,-0.014534944,0.041545063,-0.09531476,0.8213641,0,1
387,0.49270204,0.5751627,0.010115823,-0.6658122,0.4986038,0.049124002,0.023903089,-0.027656393,0.67250663,1,1
388,0.075306065,-0.030560013,0.018454151,0.04085312,-0.025185443,-0.0056969565,0.022154737,-0.01121877,0.1593444,0,2
389,0.14708103,-0.08237597,-0.005261223,0.09472631,-0.058343958,0.011835712,-0.0013749801,0.011737134,0.23917116,1,2
390,-0.39255443,0.77618504,0.08695485,-0.7847024,-0.31722057,-0.0065112943,0.028926466,-0.080711566,0.74226075,0,0
391,0.46443313,-0.33296713,-0.01583308,0.4634358,0.49835312,0.046372492,-0.018596174,-0.040937524,0.50616014,1,0
392,-0.4345676,0.7912689,0.11470681,-0.7975713,-0.39039907,-0.00082954316,0.048257075,-0.10179235,0.8085373,0,1
393,0.5685148,-0.3593306,0.0072930497,0.45213968,0.59359187,0.057441175,-0.032458138,-0.02381233,0.58818084,1,1
394,-0.603402,-0.32655838,0.012707194,0.32507038,-0.6685143,-0.05169941,0.031995703,-0.041036617,0.63697165,0,2
395,-0.39307398,-0.52738494,-0.0023922874,0.52713245,-0.56360954,-0.07276641,0.03965499,-0.031833757,0.63579583,1,2
396,-0.45047367,0.743434,0.09963121,-0.75860727,-0.38533935,-0.03361007,0.01407172,-0.102199726,0.74693775,0,0
397,0.23743956,0.77163917,0.0924793,-0.6484806,0.23056613,0.0010364347,-0.02991456,-0.07549622,0.59469426,1,0
398,-0.49029922,0.765049,0.09341605,-0.7733075,-0.44155124,-0.01527393,0.03159163,-0.087823026,0.81642324,0,1
399,0.25240514,0.81187683,0.08799253,-0.7367,0.25816876,-0.019552339,-0.046178862,-0.06632547,0.69234115,1,1
400,-0.39049295,0.073853604,0.006707595,-0.08120183,-0.36507663,-0.041230623,-0.006987581,-0.023843586,0.3201913,0,2
401,-0.2850951,-0.12933421,0.008661156,0.1310987,-0.44769192,-0.029339328,0.025861785,-0.030445013,0.34753275,1,2
402,-0.38030177,0.7850586,0.07915647,-0.78722036,-0.31168208,0.0054165614,0.030817732,-0.06594482,0.7467513,0,0
403,0.44618878,-0.3602555,-0.0026245129,0.48866892,0.4626913,0.058827303,-0.03735119,-0.031855382,0.50829643,1,0
404,-0.55412626,0.6325282,0.08139159,-0.63968563,-0.48505136,-0.023368504,0.022770964,-0.07552585,0.676803,0,1
405,0.409597,-0.12080902,-0.0076572094,0.22615956,0.47077987,0.03932502,-0.01038084,-0.02400253,0.32662976,1,1
406,-0.39102072,0.081943326,0.022574384,-0.09287073,-0.38114038,-0.013016557,0.007214083,-0.025611531,0.349917,0,2
407,-0.2604103,-0.11367882,0.016308777,0.11043143,-0.4384964,-0.024091782,0.022009313,-0.040167633,0.3320324,1,2
408,-0.22886369,0.8226947,0.10191439,-0.83779794,-0.13131487,0.002641944,0.012590388,-0.09494385,0.7285408,0,0
409,0.6535796,0.14297263,0.025570618,-0.079481415,0.6748595,0.028969433,-0.028814582,-0.030172309,0.51928556,1,0
410,-0.31971192,0.8326957,0.09799482,-0.837112,-0.24918629,0.0029573184,0.02794567,-0.08989995,0.7838584,0,1
411,0.7158441,0.23804988,0.035972543,-0.20096138,0.7333508,0.045918945,-0.02231926,-0.035741143,0.6193584,1,1
412,-0.556927,-0.5427679,0.025901299,0.53026783,-0.6347123,-0.079379104,0.07823711,-0.05355469,0.73533744,0,2
413,-0.32798848,-0.7034975,-0.038344137,0.7044209,-0.45903817,-0.05394525,0.023328623,-0.04672334,0.7472461,1,2
414,-0.32493863,0.801945,0.10354719,-0.79968125,-0.24570447,-0.00727403,0.019137,-0.095101126,0.73016775,0,0
415,0.64414096,0.04244983,-0.022249741,-0.112297565,0.6942186,0.06952234,0.026071005,-0.05378721,0.5358733,1,0
416,-0.3904057,0.81037676,0.11139571,-0.81703764,-0.33526784,-0.0055178436,0.033680756,-0.09942098,0.79963,0,1
417,0.7176005,0.13436212,-0.011593129,-0.19634776,0.7460039,0.07220883,0.019778594,-0.05645641,0.6268405,1,1
418,-0.5227193,-0.064972885,0.021223051,0.059616838,-0.55649394,-0.03158944,0.027843412,-0.03360067,0.4669182,0,2
419,-0.38673827,-0.25786185,-0.025404222,0.269661,-0.5812733,-0.05936921,-0.003374675,-0.046368867,0.47809815,1,2
420,-0.36493644,0.79224175,0.10894268,-0.78780633,-0.28791422,-0.026676076,0.008964974,-0.110964835,0.7376371,0,0
421,0.41494423,0.5472973,0.023316571,-0.6430052,0.42725208,0.045764353,0.010090307,-0.042178854,0.5732763,1,0
422,-0.42388228,0.7942039,0.10400607,-0.80624455,-0.36635497,-0.016035965,0.025770444,-0.09891425,0.8034297,0,1
423,0.41917044,0.6501536,0.015418804,-0.70685035,0.4321445,0.038009703,0.019110719,-0.034716967,0.67346746,1,1
424,-0.06919674,0.02840986,0.017241718,-0.037288368,-0.03952651,0.031802014,0.00929895,-0.0066118967,0.13973147,0,2
425,-0.006358498,-0.06174929,0.0070279757,0.068277605,-0.13605139,-0.034409396,0.025415115,-0.022386845,0.22203246,1,2
426,-0.15537894,0.83199245,0.09794249,-0.83624667,-0.05540902,0.018438809,0.016784605,-0.08492622,0.7112924,0,0
427,0.042931784,0.73085856,0.058086596,-0.8354766,0.10701699,0.039012432,0.021354867,-0.05466581,0.6303616,1,0
428,-0.26175833,0.84976935,0.10995674,-0.8558716,-0.1895103,0.0010726204,0.020985084,-0.10170801,0.78435636,0,1
429,-0.03042551,0.80660874,0.05282098,-0.88324004,0.02547566,0.02687672,0.019258585,-0.04786208,0.7259346,1,1
430,0.067026615,-0.049121905,-0.009356016,0.030895544,-0.027369695,0.0037801897,-0.024716215,0.006005638,0.15228666,0,2
431,0.153264,-0.08648325,-0.018014217,0.097533196,-0.0540807,-0.019515453,-0.011655609,-0.019723095,0.25574833,1,2
432,-0.1905486,0.83614,0.08695569,-0.8351297,-0.10709095,0.043344896,0.049670644,-0.07406921,0.7256324,0,0
433,0.6459857,0.20491923,0.015435038,-0.1409499,0.65869707,0.049398776,-0.006692473,-0.031145265,0.51649576,1,0
434,-0.29751736,0.8454124,0.09810076,-0.8438023,-0.22279018,-0.0040122992,0.020761507,-0.091581725,0.78566664,0,1
435,0.68078613,0.33178884,0.035113942,-0.29319045,0.7058266,0.027390968,-0.023832655,-0.03192366,0.62205046,1,1
436,-0.551246,-0.56101733,0.020729883,0.5539872,-0.6227298,-0.07192763,0.06317315,-0.035548814,0.7447831,0,2
437,-0.3189282,-0.7099777,0.00808411,0.7062879,-0.45697698,-0.06440238,0.06839676,-0.036748312,0.74741274,1,2
438,-0.2510895,0.81257695,0.09820016,-0.8226364,-0.15284407,0.016709039,0.030362584,-0.08703588,0.71396774,0,0
439,0.6014876,0.29537025,-0.010788155,-0.3414587,0.63371426,0.06692452,0.021880746,-0.040269747,0.5335529,1,0
440,-0.3345862,0.8301989,0.10749756,-0.8343871,-0.27105653,0.016050428,0.046561692,-0.092972584,0.7903243,0,1
441,0.624444,0.4160873,0.0064381417,-0.45542353,0.6493709,0.049439657,0.0139180785,-0.03237562,0.6347859,1,1
442,-0.3959935,0.08228046,0.03373752,-0.07340634,-0.3506175,-0.022804597,0.011501477,-0.028407358,0.31472048,0,2
443,-0.2734939,-0.13677368,0.0006676143,0.11573202,-0.4514081,-0.031155467,0.01343969,-0.031965796,0.3521698,1,2
444,-0.17972305,0.8353051,0.09031848,-0.833882,-0.08149607,0.015629552,0.02226432,-0.082311936,0.71834636,0,0
445,-0.20586686,0.7860221,0.059507646,-0.82099986,-0.06347128,0.012443169,0.013380697,-0.051656716,0.6697969,1,0
446,-0.28646022,0.8457415,0.09729107,-0.8480202,-0.21457833,0.0055239643,0.02647848,-0.08789879,0.78528553,0,1
447,-0.2612686,0.8321349,0.091693565,-0.84405637,-0.16250813,0.013671288,0.027096532,-0.07994832,0.7549968,1,1
448,-0.07710596,0.020603444,0.013395734,-0.03200152,-0.0708781,-0.008858988,0.012769148,-0.020660765,0.13850324,0,2
449,-0.011480562,-0.08055066,0.028512556,0.060302265,-0.15451358,-0.026172495,0.02550718,-0.006501649,0.22297202,1,2
450,-0.4561504,0.750381,0.097764455,-0.7558153,-0.39654347,-0.020460676,0.02467784,-0.09340647,0.75867003,0,0
451,0.63505244,0.0676007,0.04685763,0.05991867,0.68123937,0.06512697,-0.045619197,-0.043395404,0.5195975,1,0
452,-0.4912929,0.7669149,0.08673392,-0.7722385,-0.4436053,-0.02870065,0.016488247,-0.08646473,0.81885856,0,1
453,0.727074,0.07202059,0.030321872,0.006593346,0.76264983,0.05388791,-0.030083017,-0.03945592,0.6201401,1,1
454,0.012807508,0.017895285,0.011616064,0.01430471,-0.019814363,0.0022092878,0.015943315,-0.008708577,0.13904865,0,2
455,0.048526157,-0.092262864,0.017899549,0.089403145,-0.107042804,-0.013808505,0.013916799,-0.015000195,0.2329795,1,2
456,-0.23082972,0.8245354,0.08231569,-0.82557476,-0.13692063,0.0169591,0.029659204,-0.07050328,0.71958023,0,0
457,-0.14799382,0.75047255,0.044107396,-0.85353535,-0.055087756,0.013132069,0.009870546,-0.03727253,0.664728,1,0
458,-0.31842387,0.8377785,0.09635407,-0.8451724,-0.25384337,0.012685484,0.036645014,-0.08372855,0.79632443,0,1
459,-0.20103975,0.8074655,0.07913837,-0.8758892,-0.12897395,-0.0008255394,0.00851715,-0.07144447,0.74489456,1,1
460,-0.2738536,0.10363865,0.03532287,-0.107225604,-0.24028789,-0.021944048,0.032929022,-0.032828588,0.25504068,0,2
461,-0.1901005,-0.06384165,-0.005795748,0.08257244,-0.354538,-0.056016292,0.014325697,-0.057310842,0.2954861,1,2
462,-0.35996294,0.7922073,0.0928725,-0.7922604,-0.27981642,0.00083774835,0.030626614,-0.08471547,0.736143,0,0
463,0.35326418,-0.4264391,-0.027717747,0.56080556,0.358042,0.035830628,-0.017707467,-0.03545694,0.4844017,1,0
464,-0.41298342,0.80416787,0.1062407,-0.80387455,-0.35542402,-0.0069181463,0.034512278,-0.09920763,0.8000085,0,1
465,0.47475925,-0.46063706,-0.027578665,0.55112004,0.49322054,0.041085474,-0.012015845,-0.027462775,0.5830616,1,1
466,-0.5258225,-0.058816563,0.025211606,0.07037247,-0.5627106,-0.03399666,0.021833718,-0.019453615,0.47344542,0,2
467,-0.38614017,-0.2819068,0.0011240483,0.27876598,-0.5759942,-0.040589724,0.008051299,-0.04302666,0.4871162,1,2
468,-0.10978676,0.83314604,0.08503461,-0.8429748,-0.0071409713,0.019330716,0.018762758,-0.07706507,0.71001583,0,0
469,-0.09866095,-0.6133722,-0.06563693,0.496496,-0.13151653,-0.01925384,0.003990246,-0.049524546,0.43519753,1,0
470,-0.22429566,0.8583384,0.10913999,-0.861121,-0.1483588,0.011550936,0.024047881,-0.099268526,0.7784931,0,1
471,0.058130354,-0.6940257,-0.09596967,0.62370074,0.043805078,-0.016657721,0.02636563,-0.069717765,0.5162166,1,1
472,-0.39097965,0.08604775,0.015600283,-0.07688469,-0.37077737,-0.027336672,0.0028087161,-0.032897096,0.30941767,0,2
473,-0.28594586,-0.1193853,-0.029405829,0.11858266,-0.44737086,-0.04579532,-0.0044385702,-0.046392262,0.340826,1,2
474,-0.4476537,0.7491387,0.071047746,-0.7562647,-0.3847061,0.012854908,0.04176308,-0.05347942,0.7471387,0,0
475,0.5910495,0.28185713,0.013301572,-0.39180836,0.6138821,0.07108829,-0.005809481,-0.05508588,0.54023093,1,0
476,-0.48740983,0.7690571,0.085554615,-0.77388346,-0.4379599,-0.0044701374,0.034923658,-0.07613476,0.81730175,0,1
477,0.64991415,0.36783823,3.718281e-05,-0.43719298,0.6722442,0.043168314,0.019544547,-0.031318054,0.6497736,1,1
478,-0.60106266,-0.42207417,0.026994158,0.42157537,-0.64812946,-0.06661827,0.056001026,-0.043201655,0.68065816,0,2
479,-0.36624202,-0.61529285,-0.009738447,0.610945,-0.5218299,-0.05899401,0.039917935,-0.050415587,0.6842337,1,2
480,-0.447584,0.75391483,0.0927352,-0.7555663,-0.3890093,0.0016783018,0.038120557,-0.08044095,0.7531851,0,0
481,0.3834986,0.5486224,0.04112734,-0.66363966,0.39762512,0.064817004,0.0042003053,-0.06464779,0.55740565,1,0
482,-0.5052422,0.71602196,0.09313566,-0.7232278,-0.43406233,-0.016531691,0.033989955,-0.08770484,0.74407154,0,1
483,0.33503896,0.6025953,0.03758198,-0.6809003,0.33818576,0.052271046,0.01283789,-0.050548468,0.55609,1,1
484,-0.069515854,0.020088976,0.013329809,-0.035887424,-0.061514325,0.013507468,-0.00028435088,-0.004452315,0.13463338,0,2
485,-0.00591397,-0.044318955,-0.0017891035,0.06548953,-0.15354513,-0.01067751,-0.014360119,0.010308398,0.21307755,1,2
486,-0.2636728,0.81751066,0.09670748,-0.8177015,-0.17734632,0.026509305,0.042563837,-0.085908696,0.72227025,0,0
487,-0.28350037,0.81330055,0.074688405,-0.75797606,-0.1469553,0.0015742421,0.010333083,-0.06562811,0.67002404,1,0
488,-0.345908,0.8228211,0.10300476,-0.8324623,-0.2808076,0.0002843503,0.031951837,-0.09532781,0.78902847,0,1
489,-0.32290742,0.83656996,0.077617645,-0.81054485,-0.22579487,-0.0034309514,0.017371956,-0.07016628,0.75974214,1,1
490,-0.06801839,0.04422304,0.011928766,-0.035657175,-0.064283855,-0.0015970126,0.0017686988,0.002491994,0.14140312,0,2
491,-0.0012173076,-0.05132926,0.012575841,0.024313947,-0.15231238,-0.008472295,0.015047525,-0.0027611384,0.20042881,1,2
492,-0.50420314,0.7161266,0.09688346,-0.72290236,-0.4606835,-0.018677121,0.033241145,-0.09103913,0.761561,0,0
493,0.48151955,-0.4204557,-0.07160706,0.24209867,0.56691164,0.023343984,0.04447936,-0.049145542,0.48103675,1,0
494,-0.52923346,0.73976886,0.10620545,-0.7488423,-0.493853,-0.021599248,0.037736364,-0.09956272,0.8241215,0,1
495,0.57475024,-0.44378263,-0.06649442,0.32449275,0.63868755,0.056445796,0.018380294,-0.061628588,0.5988589,1,1
496,-0.5874341,-0.48804784,0.026018731,0.49047258,-0.6524765,-0.073469,0.05942422,-0.04957346,0.7231883,0,2
497,-0.34779668,-0.6511764,0.01702887,0.65985626,-0.49943736,-0.048544396,0.05573549,-0.020443909,0.7148141,1,2
498,-0.45057565,0.7531497,0.10429598,-0.7546141,-0.38446042,-0.017506663,0.030449942,-0.10042846,0.7516853,0,0
499,0.24193554,0.6429343,0.048965085,-0.76021844,0.2561038,0.03627684,0.008964871,-0.05413399,0.5870557,1,0
500,-0.48265624,0.7716529,0.09052213,-0.7743422,-0.4371515,-0.0054112286,0.036663666,-0.078068316,0.816999,0,1
501,0.26721194,0.7229506,0.053777765,-0.80559933,0.26966414,0.02948158,0.0021381252,-0.054931108,0.683174,1,1
502,-0.47489402,0.012389452,0.0232712,-0.014456489,-0.47420976,-0.021694332,0.019912638,-0.025960784,0.39592466,0,2
503,-0.35033277,-0.20362684,0.0008582345,0.21075241,-0.53125924,-0.03272918,0.026303826,-0.043530926,0.4239911,1,2
504,-0.13907865,0.8354074,0.09275695,-0.8426308,-0.039905354,0.039422162,0.03973955,-0.081608295,0.7178936,0,0
505,0.662965,0.074492894,0.02873716,-0.022865573,0.6707266,0.05095459,-0.02965317,-0.029839326,0.5147821,1,0
506,-0.25033295,0.85102844,0.09903788,-0.8603012,-0.1804926,0.011436603,0.028175278,-0.08952725,0.78396803,0,1
507,0.71132094,0.20481685,0.021398775,-0.19407442,0.73074925,0.0428005,-0.024449307,-0.04090945,0.6060144,1,1
508,0.0058321627,-0.011021608,0.004563122,0.0034090588,-0.0451699,0.007348997,0.011478303,-0.02127347,0.13277525,0,2
509,0.06614157,-0.08858531,-0.005277627,0.07555493,-0.08987654,-0.007122881,0.0069272635,-0.03268156,0.2087273,1,2
510,-0.49541292,0.7231923,0.098990016,-0.732267,-0.44506824,-0.013741572,0.03571021,-0.091050856,0.76115495,0,0
511,0.58458656,0.27504212,-0.010390261,-0.4002378,0.61872864,0.05121516,0.026197411,-0.03461299,0.535901,1,0
512,-0.5207688,0.75328666,0.087572075,-0.75593346,-0.48171395,-0.0153618315,0.031436346,-0.082222424,0.8297995,0,1
513,0.6461675,0.35243794,0.0049363757,-0.43636647,0.68092257,0.052269854,0.0090956995,-0.036969397,0.6471642,1,1
514,0.019029804,-0.020590054,0.02418272,0.0064279796,-0.04716583,-0.009863593,0.014865704,-0.034712132,0.14803572,0,2
515,0.072533175,-0.0892718,0.0012563658,0.08141332,-0.107044026,-0.015125321,0.009822861,-0.010183785,0.23121844,1,2
516,-0.37479812,0.7799179,0.09584627,-0.7931729,-0.29568392,-0.012387703,0.017575078,-0.090203695,0.7372366,0,0
517,-0.18259718,0.7280553,0.049235377,-0.84908974,-0.13443166,0.020361748,0.021808073,-0.04421794,0.66004205,1,0
518,-0.42957437,0.7983029,0.09614077,-0.8003587,-0.3752863,-0.004142927,0.036860403,-0.087870546,0.8083286,0,1
519,-0.19391678,0.7910067,0.07808555,-0.8799856,-0.15453173,-0.0017714766,0.0070010293,-0.074238464,0.742016,1,1
520,-0.057036184,0.0383359,0.007831495,-0.049214777,-0.02919832,0.010661428,-0.027315946,-0.014458859,0.13518754,0,2
521,-0.019871937,-0.0674053,-0.00030536175,0.0566746,-0.1723104,-0.0058540176,0.023342023,-0.01975052,0.19909349,1,2
522,-0.49963272,0.7202288,0.10893307,-0.721899,-0.4572604,-0.03545617,0.026179675,-0.11050008,0.7582482,0,0
523,0.48145807,0.57643694,0.060559355,-0.456848,0.50393873,0.024676856,-0.026613025,-0.044257734,0.55928403,1,0
524,-0.52607924,0.74981093,0.102381736,-0.7497078,-0.49512672,-0.010731742,0.0444852,-0.09047971,0.8325973,0,1
525,0.5426676,0.6095077,0.048760507,-0.53439736,0.5586408,0.039991777,-0.011660024,-0.058785073,0.6745258,1,1
526,-0.059498794,0.024681643,0.006707714,-0.023198202,-0.054749217,-0.0069249757,0.027003879,2.0530224e-05,0.15403838,0,2
527,0.004117613,-0.06824183,9.822751e-05,0.06981035,-0.16813026,-0.00977505,0.00723222,-0.017180078,0.22180562,1,2
528,-0.10936241,0.83609086,0.083974585,-0.8339992,-0.0048558735,0.033482794,0.026940007,-0.07314581,0.7055127,0,0
529,0.5813469,-0.2800785,0.006567712,0.31054544,0.5599921,0.041558243,-0.026583133,-0.00019688226,0.5064945,1,0
530,-0.22871146,0.8627539,0.094893724,-0.8596992,-0.15575641,0.013947941,0.030946303,-0.08546715,0.78360295,0,1
531,0.6937718,-0.17338389,0.011008654,0.21408977,0.68850094,0.03276227,-0.03394172,-0.008786344,0.57229525,1,1
532,0.066468,-0.046463538,-0.02410343,0.0731131,-0.042712763,0.0017667962,-0.018212467,-0.010806431,0.1712393,0,2
533,0.16860047,-0.073060386,-0.0026090203,0.077182226,-0.06776999,0.016646108,-0.013995563,-0.043258484,0.25610986,1,2
534,-0.3347417,0.8026549,0.088321544,-0.80079347,-0.25264457,0.0047400515,0.026592528,-0.077120654,0.736,0,0
535,0.34275088,-0.42506525,0.001802744,0.5604098,0.3586592,0.042931378,-0.040547945,-0.019023733,0.48859704,1,0
536,-0.39665732,0.8116305,0.09818485,-0.81355387,-0.33777907,0.0008362654,0.03744369,-0.087406814,0.80241185,0,1
537,0.48546726,-0.45374885,0.003780337,0.54357266,0.50113773,0.045318227,-0.021924706,-0.013892409,0.5786512,1,1
538,-0.5708944,-0.4900145,-0.0005406819,0.48612213,-0.6429309,-0.079827204,0.04491907,-0.06338743,0.70565236,0,2
539,-0.35566753,-0.6562206,-0.03604665,0.6527974,-0.49888498,-0.06892019,0.030222716,-0.056142755,0.7150943,1,2
540,-0.4543764,0.748961,0.09245126,-0.75548977,-0.39169103,-0.006860946,0.035170175,-0.08409469,0.75366974,0,0
541,0.12465847,0.69135565,0.040089753,-0.8164211,0.121996835,0.037150074,0.0153892925,-0.044039275,0.6133762,1,0
542,-0.49429825,0.76707375,0.10455184,-0.7710304,-0.45050216,-0.015703332,0.03724161,-0.0958084,0.82275933,0,1
543,0.14700815,0.7681486,0.038646054,-0.8545175,0.15234642,0.037246715,0.018208671,-0.04576358,0.7045992,1,1
544,-0.47435203,-0.008664904,0.012682179,-0.032301076,-0.48899293,-0.053937357,0.0030557606,-0.038804453,0.40475625,0,2
545,-0.34493923,-0.17774971,0.00044345667,0.18261138,-0.5161795,-0.04174264,0.019511718,-0.047965653,0.41427365,1,2
546,-0.14850257,0.8336675,0.07923223,-0.83774346,-0.04405753,0.040331982,0.0428914,-0.07082167,0.71192443,0,0
547,0.52636284,0.5267642,0.052252468,-0.49011678,0.53421515,0.03883719,-0.014149183,-0.056842495,0.578388,1,0
548,-0.2587375,0.8549687,0.093927726,-0.8606746,-0.18947548,0.017025553,0.033468336,-0.083793215,0.79272234,0,1
549,0.49305165,0.63302004,0.043919288,-0.61183727,0.50319046,0.02650087,-0.0131402835,-0.04726772,0.6630875,1,1
550,-0.5988319,-0.23340641,0.023576178,0.23311912,-0.65185577,-0.060867492,0.043369073,-0.06449597,0.5896152,0,2
551,-0.4068608,-0.44610855,-0.015035323,0.444119,-0.5759976,-0.05848389,0.030343493,-0.033394348,0.5850374,1,2
552,-0.16441433,0.8377091,0.081641816,-0.84033096,-0.06834261,0.02044835,0.02265471,-0.0734372,0.7228915,0,0
553,0.43204027,-0.4837466,-0.069012366,0.4142283,0.39982063,0.019492513,0.01398942,-0.051015694,0.4856039,1,0
554,-0.27316815,0.8497798,0.097217746,-0.8556802,-0.20164564,0.0060336133,0.028129725,-0.0877063,0.7888676,0,1
555,0.5790198,-0.42873427,-0.064890705,0.3868759,0.5621,-0.009885243,0.04513349,-0.030347317,0.572503,1,1
556,-0.59704924,-0.42744726,0.0012393619,0.41354212,-0.67010134,-0.060797375,0.03320096,-0.03981208,0.6861015,0,2
557,-0.36797744,-0.6020547,-0.024161667,0.5941877,-0.53456426,-0.07054929,0.035287265,-0.060732014,0.67886686,1,2
558,-0.39917397,0.77318263,0.089069605,-0.77799994,-0.3256395,-0.001994582,0.02858336,-0.08116694,0.7405469,0,0
559,0.5613423,-0.2020799,-0.00061092665,0.31139767,0.59571964,0.03216445,-0.012881285,-0.025627982,0.5040995,1,0
560,-0.4432524,0.7923815,0.09868754,-0.7936711,-0.39707252,0.0056909584,0.04676869,-0.0842241,0.8125425,0,1
561,0.67888206,-0.18720919,0.009173485,0.26967892,0.7023711,0.052165043,-0.030340929,-0.03404813,0.6079043,1,1
562,-0.5482781,-0.54877305,-0.0022531075,0.5509378,-0.6225676,-0.06331253,0.040074658,-0.046904765,0.74200714,0,2
563,-0.33519572,-0.69253016,-0.027186366,0.69877756,-0.46961194,-0.061134785,0.036720794,-0.043092072,0.7381421,1,2
564,-0.16629496,0.83310187,0.08038554,-0.83951306,-0.066275574,0.037928406,0.04413948,-0.07048764,0.716359,0,0
565,0.55935866,-0.33285975,-0.063466884,0.28347948,0.5253983,0.02270865,0.026133277,-0.044384815,0.4840507,1,0
566,-0.27469677,0.84794515,0.10466415,-0.85566556,-0.20458235,0.0003536749,0.023120247,-0.0988317,0.7889844,0,1
567,0.68687344,-0.24666362,-0.06327836,0.21279506,0.66687727,0.017169688,0.044295978,-0.023707248,0.57731694,1,1
568,-0.5912278,-0.43241248,0.0073939613,0.4248022,-0.66261834,-0.071990706,0.05549654,-0.046587348,0.6862737,0,2
569,-0.3770981,-0.5978107,-0.0137163205,0.5838604,-0.53951603,-0.04542376,0.028836127,-0.03235835,0.67414325,1,2
570,-0.49223244,0.7225679,0.09899407,-0.72762984,-0.4442316,-0.017738992,0.032721553,-0.09288527,0.75415176,0,0
571,-0.20054993,0.69942653,0.042455997,-0.8489458,-0.20199595,0.014816563,0.016440716,-0.038854744,0.6580945,1,0
572,-0.5177173,0.751026,0.1013066,-0.7530945,-0.4785251,-0.019175693,0.0365196,-0.09484833,0.8222552,0,1
573,-0.1974298,0.78320825,0.07375187,-0.8834956,-0.18547176,0.011556302,0.016297253,-0.070215434,0.7468888,1,1
574,-0.38547945,0.06519629,0.022803782,-0.07931008,-0.3748959,-0.02635657,0.024241392,-0.021415794,0.32987747,0,2
575,-0.27534968,-0.12581602,-0.0032026635,0.120129965,-0.44158798,-0.025490317,0.013511493,-0.021912597,0.35216206,1,2
576,-0.4719869,0.74029434,0.104713365,-0.73847014,-0.41065487,-0.032502364,0.02163126,-0.108955614,0.7485363,0,0
577,0.5609404,0.32577807,-0.016961403,-0.45221713,0.59789056,0.05545181,0.033438787,-0.030077048,0.5456531,1,0
578,-0.50512326,0.7603882,0.09256023,-0.76303816,-0.45586324,-0.008311044,0.03814671,-0.08311078,0.8196808,0,1
579,0.631796,0.4063936,-0.009691974,-0.4705273,0.6444694,0.057547726,0.030566068,-0.03935305,0.6493273,1,1
580,-0.27342662,0.09533513,0.02927179,-0.10514835,-0.2484444,-0.018935455,0.007473626,-0.028693074,0.25730637,0,2
581,-0.1975869,-0.0714643,-0.0025232593,0.06622098,-0.36480862,-0.01904559,-0.008714558,-0.021263072,0.2788974,1,2
582,-0.31809607,0.8025069,0.08112885,-0.8091236,-0.23417051,-0.011141131,0.011205215,-0.075996295,0.7312272,0,0
583,0.6025593,0.3411507,0.04814646,-0.2691723,0.6354644,0.01895884,-0.041884888,-0.022892695,0.53680646,1,0
584,-0.46072745,0.71412957,0.077105716,-0.71628743,-0.3618144,0.011626364,0.04199758,-0.05632053,0.6803394,0,1
585,0.46015656,0.42597085,0.035711106,-0.3648824,0.50434196,0.035166122,-0.012078932,-0.044824257,0.42796192,1,1
586,-0.5958573,-0.23822764,0.029923359,0.2377031,-0.6681736,-0.043229725,0.0474279,-0.04322912,0.58897305,0,2
587,-0.4052518,-0.44799972,-0.0020127709,0.4497606,-0.5873523,-0.048599355,0.027708909,-0.027808135,0.59238285,1,2
588,-0.32850116,0.7992918,0.091187716,-0.80551785,-0.24334998,-0.013264149,0.012506047,-0.08723675,0.7310829,0,0
589,0.5014049,0.5386752,0.07843645,-0.47407296,0.5234147,0.028765265,-0.042094097,-0.057368502,0.565878,1,0
590,-0.39555764,0.8063219,0.10129189,-0.8189302,-0.33081746,-0.0028826876,0.03540156,-0.09436843,0.7975424,0,1
591,0.5105207,0.6119075,0.06242669,-0.5715466,0.528362,0.031567782,-0.02531865,-0.059881054,0.6543473,1,1
592,-0.57042545,-0.48006326,0.013624922,0.479471,-0.6509053,-0.06807274,0.046849765,-0.042572185,0.70526433,0,2
593,-0.3482795,-0.6461987,0.00310691,0.6400611,-0.5014593,-0.067826085,0.059680812,-0.036731143,0.7010933,1,2
594,-0.49556786,0.7220593,0.095381156,-0.7299214,-0.44622552,-0.011492573,0.03540123,-0.08533527,0.7583092,0,0
595,0.5661989,0.31696045,-0.017585974,-0.44442195,0.60121197,0.06235544,0.0331404,-0.033472497,0.5469358,1,0
596,-0.5248872,0.7480754,0.10332186,-0.74987614,-0.48201588,-0.015398488,0.039098337,-0.09435197,0.8237736,0,1
597,0.6360797,0.38965836,-0.02688216,-0.46623713,0.656806,0.06812249,0.05204511,-0.036622774,0.65197396,1,1
598,-0.5999582,-0.23902531,0.016562717,0.22416008,-0.66653925,-0.048283,0.035839755,-0.035591725,0.5930052,0,2
599,-0.4130885,-0.45272127,-0.015365296,0.44297922,-0.58745164,-0.05431144,0.022313656,-0.04990221,0.58901674,1,2
